{
	"parent": "item/handheld",
	"textures": {
		"layer0": "item/stone_hoe"
	},
	"overrides": [
		{ "predicate": {"damaged": 0, "damage": 0}, "model": "item/weapons/stoned_hoe"},
		{ "predicate": {"damaged": 0, "damage": 0.007633587786259542}, "model": "item/weapons/ak-47"},
		{ "predicate": {"damaged": 0, "damage": 0.015267175572519083}, "model": "item/weapons/ak-47_reload"},
		{ "predicate": {"damaged": 0, "damage": 0.022900763358778626}, "model": "item/weapons/ak-47_blue"},
		{ "predicate": {"damaged": 0, "damage": 0.030534351145038167}, "model": "item/weapons/ak-47_blue_reload"},
		{ "predicate": {"damaged": 0, "damage": 0.03816793893129771}, "model": "item/weapons/ak-47_pink"},
		{ "predicate": {"damaged": 0, "damage": 0.04580152671755725}, "model": "item/weapons/ak-47_pink_reload"},
		{ "predicate": {"damaged": 0, "damage": 0.05343511450381679}, "model": "item/weapons/ak-47_red"},
		{ "predicate": {"damaged": 0, "damage": 0.061068702290076333}, "model": "item/weapons/ak-47_red_reload"},
		{ "predicate": {"damaged": 0, "damage": 0.06870229007633588}, "model": "item/weapons/bazooka"},
		{ "predicate": {"damaged": 0, "damage": 0.07633587786259542}, "model": "item/weapons/bazooka_blue"},
		{ "predicate": {"damaged": 0, "damage": 0.08396946564885496}, "model": "item/weapons/bazooka_pink"},
		{ "predicate": {"damaged": 0, "damage": 0.0916030534351145}, "model": "item/weapons/bazooka_red"},
		{ "predicate": {"damaged": 0, "damage": 0.09923664122137404}, "model": "item/weapons/carbine"},
		{ "predicate": {"damaged": 0, "damage": 0.10687022900763359}, "model": "item/weapons/carbine_blue"},
		{ "predicate": {"damaged": 0, "damage": 0.11450381679389313}, "model": "item/weapons/carbine_pink"},
		{ "predicate": {"damaged": 0, "damage": 0.12213740458015267}, "model": "item/weapons/carbine_red"},
		{ "predicate": {"damaged": 0, "damage": 0.1297709923664122}, "model": "item/weapons/desert_eagle"},
		{ "predicate": {"damaged": 0, "damage": 0.13740458015267176}, "model": "item/weapons/desert_eagle_blue"},
		{ "predicate": {"damaged": 0, "damage": 0.1450381679389313}, "model": "item/weapons/desert_eagle_pink"},
		{ "predicate": {"damaged": 0, "damage": 0.15267175572519084}, "model": "item/weapons/desert_eagle_red"},
		{ "predicate": {"damaged": 0, "damage": 0.16030534351145037}, "model": "item/weapons/gauss"},
		{ "predicate": {"damaged": 0, "damage": 0.16793893129770993}, "model": "item/weapons/gauss_blue"},
		{ "predicate": {"damaged": 0, "damage": 0.17557251908396945}, "model": "item/weapons/gauss_pink"},
		{ "predicate": {"damaged": 0, "damage": 0.183206106870229}, "model": "item/weapons/gauss_red"},
		{ "predicate": {"damaged": 0, "damage": 0.19083969465648853}, "model": "item/weapons/olympia"},
		{ "predicate": {"damaged": 0, "damage": 0.1984732824427481}, "model": "item/weapons/olympia_blue"},
		{ "predicate": {"damaged": 0, "damage": 0.20610687022900762}, "model": "item/weapons/olympia_pink"},
		{ "predicate": {"damaged": 0, "damage": 0.21374045801526717}, "model": "item/weapons/olympia_red"},
		{ "predicate": {"damaged": 0, "damage": 0.2213740458015267}, "model": "item/weapons/python"},
		{ "predicate": {"damaged": 0, "damage": 0.22900763358778625}, "model": "item/weapons/python_blue"},
		{ "predicate": {"damaged": 0, "damage": 0.23664122137404578}, "model": "item/weapons/python_pink"},
		{ "predicate": {"damaged": 0, "damage": 0.24427480916030533}, "model": "item/weapons/python_red"},
		{ "predicate": {"damaged": 0, "damage": 0.25190839694656486}, "model": "item/weapons/type95"},
		{ "predicate": {"damaged": 0, "damage": 0.2595419847328244}, "model": "item/weapons/type95_blue"},
		{ "predicate": {"damaged": 0, "damage": 0.26717557251908397}, "model": "item/weapons/type95_pink"},
		{ "predicate": {"damaged": 0, "damage": 0.2748091603053435}, "model": "item/weapons/type95_red"},
		{ "predicate": {"damaged": 0, "damage": 0.282442748091603}, "model": "item/weapons/hunting"},
		{ "predicate": {"damaged": 0, "damage": 0.2900763358778626}, "model": "item/weapons/hunting_scope"},
		{ "predicate": {"damaged": 0, "damage": 0.29770992366412213}, "model": "item/weapons/hunting_blue"},
		{ "predicate": {"damaged": 0, "damage": 0.3053435114503817}, "model": "item/weapons/hunting_blue_scope"},
		{ "predicate": {"damaged": 0, "damage": 0.3129770992366412}, "model": "item/weapons/hunting_pink"},
		{ "predicate": {"damaged": 0, "damage": 0.32061068702290074}, "model": "item/weapons/hunting_pink_scope"},
		{ "predicate": {"damaged": 0, "damage": 0.3282442748091603}, "model": "item/weapons/hunting_red"},
		{ "predicate": {"damaged": 0, "damage": 0.33587786259541985}, "model": "item/weapons/hunting_red_scope"},
		{ "predicate": {"damaged": 0, "damage": 0.34351145038167935}, "model": "item/weapons/cocopops"},
		{ "predicate": {"damaged": 0, "damage": 0.3511450381679389}, "model": "item/weapons/cocopops_blue"},
		{ "predicate": {"damaged": 0, "damage": 0.35877862595419846}, "model": "item/weapons/cocopops_pink"},
		{ "predicate": {"damaged": 0, "damage": 0.366412213740458}, "model": "item/weapons/cocopops_red"},
		{ "predicate": {"damaged": 0, "damage": 0.37404580152671757}, "model": "item/weapons/flashbang"},
		{ "predicate": {"damaged": 0, "damage": 0.38167938931297707}, "model": "item/weapons/flashbang_blue"},
		{ "predicate": {"damaged": 0, "damage": 0.3893129770992366}, "model": "item/weapons/flashbang_pink"},
		{ "predicate": {"damaged": 0, "damage": 0.3969465648854962}, "model": "item/weapons/flashbang_red"},
		{ "predicate": {"damaged": 0, "damage": 0.40458015267175573}, "model": "item/weapons/grenade"},
		{ "predicate": {"damaged": 0, "damage": 0.41221374045801523}, "model": "item/weapons/grenade_blue"},
		{ "predicate": {"damaged": 0, "damage": 0.4198473282442748}, "model": "item/weapons/grenade_pink"},
		{ "predicate": {"damaged": 0, "damage": 0.42748091603053434}, "model": "item/weapons/grenade_red"},
		{ "predicate": {"damaged": 0, "damage": 0.4351145038167939}, "model": "item/weapons/putty"},
		{ "predicate": {"damaged": 0, "damage": 0.4427480916030534}, "model": "item/weapons/putty_blue"},
		{ "predicate": {"damaged": 0, "damage": 0.45038167938931295}, "model": "item/weapons/putty_pink"},
		{ "predicate": {"damaged": 0, "damage": 0.4580152671755725}, "model": "item/weapons/putty_red"},
		{ "predicate": {"damaged": 0, "damage": 0.46564885496183206}, "model": "item/weapons/tactical_knife"},
		{ "predicate": {"damaged": 0, "damage": 0.47328244274809156}, "model": "item/weapons/tactical_knife_blue"},
		{ "predicate": {"damaged": 0, "damage": 0.4809160305343511}, "model": "item/weapons/tactical_knife_pink"},
		{ "predicate": {"damaged": 0, "damage": 0.48854961832061067}, "model": "item/weapons/tactical_knife_red"},
		{ "predicate": {"damaged": 0, "damage": 0.4961832061068702}, "model": "item/weapons/green_x"},
		{ "predicate": {"damaged": 0, "damage": 0.5038167938931297}, "model": "item/weapons/red_x"},
		{ "predicate": {"damaged": 0, "damage": 0.5114503816793893}, "model": "item/weapons/monkey_bomb"},
		{ "predicate": {"damaged": 0, "damage": 0.5190839694656488}, "model": "item/weapons/monkey_bomb_blue"},
		{ "predicate": {"damaged": 0, "damage": 0.5267175572519084}, "model": "item/weapons/monkey_bomb_pink"},
		{ "predicate": {"damaged": 0, "damage": 0.5343511450381679}, "model": "item/weapons/monkey_bomb_red"},
		{ "predicate": {"damaged": 0, "damage": 0.5419847328244275}, "model": "item/stone_hoe70"},
		{ "predicate": {"damaged": 0, "damage": 0.549618320610687}, "model": "item/stone_hoe71"},
		{ "predicate": {"damaged": 0, "damage": 0.5572519083969465}, "model": "item/stone_hoe72"},
		{ "predicate": {"damaged": 0, "damage": 0.564885496183206}, "model": "item/stone_hoe73"},
		{ "predicate": {"damaged": 0, "damage": 0.5725190839694656}, "model": "item/stone_hoe74"},
		{ "predicate": {"damaged": 0, "damage": 0.5801526717557252}, "model": "item/stone_hoe75"},
		{ "predicate": {"damaged": 0, "damage": 0.5877862595419847}, "model": "item/stone_hoe76"},
		{ "predicate": {"damaged": 0, "damage": 0.5954198473282443}, "model": "item/stone_hoe77"},
		{ "predicate": {"damaged": 0, "damage": 0.6030534351145038}, "model": "item/stone_hoe78"},
		{ "predicate": {"damaged": 0, "damage": 0.6106870229007634}, "model": "item/stone_hoe79"},
		{ "predicate": {"damaged": 0, "damage": 0.6183206106870229}, "model": "item/stone_hoe80"},
		{ "predicate": {"damaged": 0, "damage": 0.6259541984732824}, "model": "item/stone_hoe81"},
		{ "predicate": {"damaged": 0, "damage": 0.6335877862595419}, "model": "item/stone_hoe82"},
		{ "predicate": {"damaged": 0, "damage": 0.6412213740458015}, "model": "item/stone_hoe83"},
		{ "predicate": {"damaged": 0, "damage": 0.648854961832061}, "model": "item/stone_hoe84"},
		{ "predicate": {"damaged": 0, "damage": 0.6564885496183206}, "model": "item/stone_hoe85"},
		{ "predicate": {"damaged": 0, "damage": 0.6641221374045801}, "model": "item/stone_hoe86"},
		{ "predicate": {"damaged": 0, "damage": 0.6717557251908397}, "model": "item/stone_hoe87"},
		{ "predicate": {"damaged": 0, "damage": 0.6793893129770993}, "model": "item/stone_hoe88"},
		{ "predicate": {"damaged": 0, "damage": 0.6870229007633587}, "model": "item/stone_hoe89"},
		{ "predicate": {"damaged": 0, "damage": 0.6946564885496183}, "model": "item/stone_hoe90"},
		{ "predicate": {"damaged": 0, "damage": 0.7022900763358778}, "model": "item/stone_hoe91"},
		{ "predicate": {"damaged": 0, "damage": 0.7099236641221374}, "model": "item/stone_hoe92"},
		{ "predicate": {"damaged": 0, "damage": 0.7175572519083969}, "model": "item/stone_hoe93"},
		{ "predicate": {"damaged": 0, "damage": 0.7251908396946565}, "model": "item/stone_hoe94"},
		{ "predicate": {"damaged": 0, "damage": 0.732824427480916}, "model": "item/stone_hoe95"},
		{ "predicate": {"damaged": 0, "damage": 0.7404580152671756}, "model": "item/stone_hoe96"},
		{ "predicate": {"damaged": 0, "damage": 0.7480916030534351}, "model": "item/stone_hoe97"},
		{ "predicate": {"damaged": 0, "damage": 0.7557251908396946}, "model": "item/stone_hoe98"},
		{ "predicate": {"damaged": 0, "damage": 0.7633587786259541}, "model": "item/stone_hoe99"},
		{ "predicate": {"damaged": 0, "damage": 0.7709923664122137}, "model": "item/stone_hoe100"},
		{ "predicate": {"damaged": 0, "damage": 0.7786259541984732}, "model": "item/stone_hoe101"},
		{ "predicate": {"damaged": 0, "damage": 0.7862595419847328}, "model": "item/stone_hoe102"},
		{ "predicate": {"damaged": 0, "damage": 0.7938931297709924}, "model": "item/stone_hoe103"},
		{ "predicate": {"damaged": 0, "damage": 0.8015267175572519}, "model": "item/stone_hoe104"},
		{ "predicate": {"damaged": 0, "damage": 0.8091603053435115}, "model": "item/stone_hoe105"},
		{ "predicate": {"damaged": 0, "damage": 0.8167938931297709}, "model": "item/stone_hoe106"},
		{ "predicate": {"damaged": 0, "damage": 0.8244274809160305}, "model": "item/stone_hoe107"},
		{ "predicate": {"damaged": 0, "damage": 0.83206106870229}, "model": "item/stone_hoe108"},
		{ "predicate": {"damaged": 0, "damage": 0.8396946564885496}, "model": "item/stone_hoe109"},
		{ "predicate": {"damaged": 0, "damage": 0.8473282442748091}, "model": "item/stone_hoe110"},
		{ "predicate": {"damaged": 0, "damage": 0.8549618320610687}, "model": "item/stone_hoe111"},
		{ "predicate": {"damaged": 0, "damage": 0.8625954198473282}, "model": "item/stone_hoe112"},
		{ "predicate": {"damaged": 0, "damage": 0.8702290076335878}, "model": "item/stone_hoe113"},
		{ "predicate": {"damaged": 0, "damage": 0.8778625954198473}, "model": "item/stone_hoe114"},
		{ "predicate": {"damaged": 0, "damage": 0.8854961832061068}, "model": "item/stone_hoe115"},
		{ "predicate": {"damaged": 0, "damage": 0.8931297709923663}, "model": "item/stone_hoe116"},
		{ "predicate": {"damaged": 0, "damage": 0.9007633587786259}, "model": "item/stone_hoe117"},
		{ "predicate": {"damaged": 0, "damage": 0.9083969465648855}, "model": "item/stone_hoe118"},
		{ "predicate": {"damaged": 0, "damage": 0.916030534351145}, "model": "item/stone_hoe119"},
		{ "predicate": {"damaged": 0, "damage": 0.9236641221374046}, "model": "item/stone_hoe120"},
		{ "predicate": {"damaged": 0, "damage": 0.9312977099236641}, "model": "item/stone_hoe121"},
		{ "predicate": {"damaged": 0, "damage": 0.9389312977099237}, "model": "item/stone_hoe122"},
		{ "predicate": {"damaged": 0, "damage": 0.9465648854961831}, "model": "item/stone_hoe123"},
		{ "predicate": {"damaged": 0, "damage": 0.9541984732824427}, "model": "item/stone_hoe124"},
		{ "predicate": {"damaged": 0, "damage": 0.9618320610687022}, "model": "item/stone_hoe125"},
		{ "predicate": {"damaged": 0, "damage": 0.9694656488549618}, "model": "item/stone_hoe126"},
		{ "predicate": {"damaged": 0, "damage": 0.9770992366412213}, "model": "item/stone_hoe127"},
		{ "predicate": {"damaged": 0, "damage": 0.9847328244274809}, "model": "item/stone_hoe128"},
		{ "predicate": {"damaged": 0, "damage": 0.9923664122137404}, "model": "item/stone_hoe129"},
		{ "predicate": {"damaged": 1, "damage": 0}, "model": "item/weapons/stoned_hoe"}
	]
}